<?xml version="1.0" encoding="UTF-8"?>
<project-private xmlns="http://www.netbeans.org/ns/project-private/1">
    <editor-bookmarks xmlns="http://www.netbeans.org/ns/editor-bookmarks/2" lastBookmarkId="1">
        <file>
            <url>src/ServerTest.java</url>
            <bookmark id="1">
                <name/>
                <line>0</line>
                <key/>
            </bookmark>
        </file>
    </editor-bookmarks>
    <open-files xmlns="http://www.netbeans.org/ns/projectui-open-files/2">
        <group>
            <file>file:/C:/Users/Devan/Documents/NetBeansProjects/ChatApp%20P2/src/Client.java</file>
            <file>file:/C:/Users/Devan/Documents/NetBeansProjects/ChatApp%20P2/src/ServerTest.java</file>
            <file>file:/C:/Users/Devan/Documents/NetBeansProjects/ChatApp%20P2/src/Server.java</file>
            <file>file:/C:/Users/Devan/Documents/NetBeansProjects/ChatApp%20P2/src/ChatAppP2.java</file>
        </group>
    </open-files>
</project-private>
